"DESCRIPTION","DURATION IN MS","NAME","PARENT SUITE","START TIME","STATUS","STOP TIME","SUB SUITE","SUITE","TEST CLASS","TEST METHOD"
"","0","test_gpx_with_only_invalid_dates","tests","Mon Oct 05 08:53:57 UTC 2026","passed","Mon Oct 05 08:53:57 UTC 2026","TestGpxContentDate","test_analyzer","",""
"","0","test_matrix[notes.txt-False]","tests","Mon Oct 05 08:53:57 UTC 2026","passed","Mon Oct 05 08:53:57 UTC 2026","TestUploadMatrix","test_ftp","",""
"","0","test_skips_validation[999m.gpx]","tests","Mon Oct 05 08:53:57 UTC 2026","passed","Mon Oct 05 08:53:57 UTC 2026","TestMGpxException","test_analyzer","",""
"","2","test_already_valid[20260923_Ivanov.gpx]","tests","Mon Oct 05 08:53:56 UTC 2026","passed","Mon Oct 05 08:53:56 UTC 2026","TestCanonicalFormat","test_analyzer","",""
"","0","test_gpx_without_m_suffix_rejected[20260923_A1B2.gpx]","tests","Mon Oct 05 08:53:57 UTC 2026","passed","Mon Oct 05 08:53:57 UTC 2026","TestIsUploadable","test_ftp","",""
"","0","test_falls_through[m.gpx]","tests","Mon Oct 05 08:53:57 UTC 2026","passed","Mon Oct 05 08:53:57 UTC 2026","TestMGpxException","test_analyzer","",""
"","0","test_valid[2026-09-23_moscow]","tests","Mon Oct 05 08:53:57 UTC 2026","passed","Mon Oct 05 08:53:57 UTC 2026","TestFolderName","test_ftp","",""
"","0","test_to_canonical[2026-09-17-11-55-\u0431\u0430\u0431\u0443\u0448\u043a\u0430.gpx-20260917_Babushka.gpx]","tests","Mon Oct 05 08:53:56 UTC 2026","passed","Mon Oct 05 08:53:56 UTC 2026","TestDownloadedNames","test_analyzer","",""
"","0","test_wpt_wrong_name","tests","Mon Oct 05 08:53:57 UTC 2026","passed","Mon Oct 05 08:53:57 UTC 2026","TestIsUploadable","test_ftp","",""
"","2","test_uppercase","tests","Mon Oct 05 08:53:57 UTC 2026","passed","Mon Oct 05 08:53:57 UTC 2026","TestIsInTenTracks","test_ftp","",""
"","0","test_already_valid[20261004_Lisa03_Test.gpx]","tests","Mon Oct 05 08:53:56 UTC 2026","passed","Mon Oct 05 08:53:56 UTC 2026","TestCanonicalFormat","test_analyzer","",""
"","0","test_normal_folder_ok[2026-09-23_Moscow]","tests","Mon Oct 05 08:53:57 UTC 2026","passed","Mon Oct 05 08:53:57 UTC 2026","TestValidateUploadTarget","test_ftp","",""
"","1","test_gpx_without_m_suffix_rejected[2026-09-17_11-55_\u0431\u0430\u0431\u0443\u0448\u043a\u0430.gpx]","tests","Mon Oct 05 08:53:57 UTC 2026","passed","Mon Oct 05 08:53:57 UTC 2026","TestIsUploadable","test_ftp","",""
"","0","test_sanitize[\u0442\u0435\u0441\u0442!@#-test]","tests","Mon Oct 05 08:53:57 UTC 2026","passed","Mon Oct 05 08:53:57 UTC 2026","TestSanitizeCallsign","test_analyzer","",""
"","0","test_normalize[ivan_petr_2-Ivan_petr02]","tests","Mon Oct 05 08:53:56 UTC 2026","passed","Mon Oct 05 08:53:56 UTC 2026","TestNormalizeCallsign","test_analyzer","",""
"","0","test_falls_through[123456m.gpx]","tests","Mon Oct 05 08:53:57 UTC 2026","passed","Mon Oct 05 08:53:57 UTC 2026","TestMGpxException","test_analyzer","",""
"","0","test_gpx_without_m_suffix_rejected[track.gpx]","tests","Mon Oct 05 08:53:57 UTC 2026","passed","Mon Oct 05 08:53:57 UTC 2026","TestIsUploadable","test_ftp","",""
"","0","test_valid[2026-01-01_Start]","tests","Mon Oct 05 08:53:57 UTC 2026","passed","Mon Oct 05 08:53:57 UTC 2026","TestFolderName","test_ftp","",""
"","0","test_cyrillic_name_with_content_date","tests","Mon Oct 05 08:53:57 UTC 2026","passed","Mon Oct 05 08:53:57 UTC 2026","TestGpxContentDate","test_analyzer","",""
"","0","test_returns_none_for_empty_file","tests","Mon Oct 05 08:53:57 UTC 2026","passed","Mon Oct 05 08:53:57 UTC 2026","TestExtractDateFunction","test_analyzer","",""
"","0","test_direct","tests","Mon Oct 05 08:53:57 UTC 2026","passed","Mon Oct 05 08:53:57 UTC 2026","TestFindTargetFolder","test_ftp","",""
"","0","test_empty_or_root_rejected[.]","tests","Mon Oct 05 08:53:57 UTC 2026","passed","Mon Oct 05 08:53:57 UTC 2026","TestValidateUploadTarget","test_ftp","",""
"","1","test_to_canonical[2026-09-17-113045-\u0431\u0430\u0431\u0443\u0448\u043a\u0430.gpx-20260917_Babushka.gpx]","tests","Mon Oct 05 08:53:56 UTC 2026","passed","Mon Oct 05 08:53:56 UTC 2026","TestDownloadedNames","test_analyzer","",""
"","2","test_to_canonical[2026-09-17_11-55_babushka2.gpx-20260917_Babushka02.gpx]","tests","Mon Oct 05 08:53:56 UTC 2026","passed","Mon Oct 05 08:53:56 UTC 2026","TestDownloadedNames","test_analyzer","",""
"","0","test_deep_structure","tests","Mon Oct 05 08:53:57 UTC 2026","passed","Mon Oct 05 08:53:57 UTC 2026","TestIsInTenTracks","test_ftp","",""
"","2","test_no_extension","tests","Mon Oct 05 08:53:57 UTC 2026","passed","Mon Oct 05 08:53:57 UTC 2026","TestIsUploadable","test_ftp","",""
"","0","test_valid[waypoints_20260923.wpt]","tests","Mon Oct 05 08:53:57 UTC 2026","passed","Mon Oct 05 08:53:57 UTC 2026","TestWpt","test_analyzer","",""
"","0","test_to_canonical[2026-09-17_11.55_\u0431\u0430\u0431\u0443\u0448\u043a\u0430.gpx-20260917_Babushka.gpx]","tests","Mon Oct 05 08:53:56 UTC 2026","passed","Mon Oct 05 08:53:56 UTC 2026","TestDownloadedNames","test_analyzer","",""
"","0","test_valid[Waypoints_20260923.wpt]","tests","Mon Oct 05 08:53:57 UTC 2026","passed","Mon Oct 05 08:53:57 UTC 2026","TestWpt","test_analyzer","",""
"","0","test_normalize[A1B2-A1B2]","tests","Mon Oct 05 08:53:56 UTC 2026","passed","Mon Oct 05 08:53:56 UTC 2026","TestNormalizeCallsign","test_analyzer","",""
"","0","test_already_valid[20260923_Lisa01_1.gpx]","tests","Mon Oct 05 08:53:56 UTC 2026","passed","Mon Oct 05 08:53:56 UTC 2026","TestCanonicalFormat","test_analyzer","",""
"","0","test_case_insensitive","tests","Mon Oct 05 08:53:57 UTC 2026","passed","Mon Oct 05 08:53:57 UTC 2026","TestIsInTenTracks","test_ftp","",""
"","2","test_plt_invalid_name","tests","Mon Oct 05 08:53:57 UTC 2026","passed","Mon Oct 05 08:53:57 UTC 2026","TestIsUploadable","test_ftp","",""
"","0","test_capitalize_first_letter","tests","Mon Oct 05 08:53:56 UTC 2026","passed","Mon Oct 05 08:53:56 UTC 2026","TestTranslitCallsign","test_analyzer","",""
"","0","test_already_valid[20260923_Lisa01_12.plt]","tests","Mon Oct 05 08:53:56 UTC 2026","passed","Mon Oct 05 08:53:56 UTC 2026","TestCanonicalFormat","test_analyzer","",""
"","2","test_date_from_last_of_many_points","tests","Mon Oct 05 08:53:57 UTC 2026","passed","Mon Oct 05 08:53:57 UTC 2026","TestGpxContentDate","test_analyzer","",""
"","0","test_invalid[2026-09-23 Moscow-\u0444\u043e\u0440\u043c\u0430\u0442]","tests","Mon Oct 05 08:53:57 UTC 2026","passed","Mon Oct 05 08:53:57 UTC 2026","TestFolderName","test_ftp","",""
"","0","test_parent_traversal_rejected[sub/../../escape]","tests","Mon Oct 05 08:53:57 UTC 2026","passed","Mon Oct 05 08:53:57 UTC 2026","TestValidateUploadTarget","test_ftp","",""
"","0","test_to_canonical[2026-09-17_11-55_babushka_2.gpx-20260917_Babushka02.gpx]","tests","Mon Oct 05 08:53:56 UTC 2026","passed","Mon Oct 05 08:53:56 UTC 2026","TestDownloadedNames","test_analyzer","",""
"","1","test_gpx_with_m_suffix[100m.gpx]","tests","Mon Oct 05 08:53:57 UTC 2026","passed","Mon Oct 05 08:53:57 UTC 2026","TestIsUploadable","test_ftp","",""
"","0","test_matrix[20260917_9999m.gpx-True]","tests","Mon Oct 05 08:53:57 UTC 2026","passed","Mon Oct 05 08:53:57 UTC 2026","TestUploadMatrix","test_ftp","",""
"","0","test_extension_case_insensitive[20260923_Ivanov.Plt]","tests","Mon Oct 05 08:53:56 UTC 2026","passed","Mon Oct 05 08:53:56 UTC 2026","TestCanonicalFormat","test_analyzer","",""
"","0","test_callsign_unfixable","tests","Mon Oct 05 08:53:56 UTC 2026","passed","Mon Oct 05 08:53:56 UTC 2026","TestTranslitCallsign","test_analyzer","",""
"","0","test_gpx_cyrillic","tests","Mon Oct 05 08:53:56 UTC 2026","passed","Mon Oct 05 08:53:56 UTC 2026","TestTranslitCallsign","test_analyzer","",""
"","0","test_falls_through[track.gpx]","tests","Mon Oct 05 08:53:57 UTC 2026","passed","Mon Oct 05 08:53:57 UTC 2026","TestMGpxException","test_analyzer","",""
"","0","test_ten_tracks_blocks_valid_gpx","tests","Mon Oct 05 08:53:57 UTC 2026","passed","Mon Oct 05 08:53:57 UTC 2026","TestIsUploadable","test_ftp","",""
"","0","test_valid[2026-09-23_Moscow]","tests","Mon Oct 05 08:53:57 UTC 2026","passed","Mon Oct 05 08:53:57 UTC 2026","TestFolderName","test_ftp","",""
"","1","test_gpx_case_insensitive_m","tests","Mon Oct 05 08:53:57 UTC 2026","passed","Mon Oct 05 08:53:57 UTC 2026","TestIsUploadable","test_ftp","",""
"","0","test_to_canonical[20260917_\u0431\u0430\u0431\u0443\u0448\u043a\u0430.gpx-20260917_Babushka.gpx]","tests","Mon Oct 05 08:53:56 UTC 2026","passed","Mon Oct 05 08:53:56 UTC 2026","TestDownloadedNames","test_analyzer","",""
"","0","test_normalize[lisa12-Lisa12]","tests","Mon Oct 05 08:53:56 UTC 2026","passed","Mon Oct 05 08:53:56 UTC 2026","TestNormalizeCallsign","test_analyzer","",""
"","0","test_normalize[lisa01_1-Lisa01_1]","tests","Mon Oct 05 08:53:56 UTC 2026","passed","Mon Oct 05 08:53:56 UTC 2026","TestNormalizeCallsign","test_analyzer","",""
"","1","test_ten_tracks_blocks_wpt","tests","Mon Oct 05 08:53:57 UTC 2026","passed","Mon Oct 05 08:53:57 UTC 2026","TestIsUploadable","test_ftp","",""
"","1","test_already_valid[20260923_A1B2.gpx]","tests","Mon Oct 05 08:53:56 UTC 2026","passed","Mon Oct 05 08:53:56 UTC 2026","TestCanonicalFormat","test_analyzer","",""
"","2","test_matrix[20260923_ivanov.plt-False]","tests","Mon Oct 05 08:53:57 UTC 2026","passed","Mon Oct 05 08:53:57 UTC 2026","TestUploadMatrix","test_ftp","",""
"","0","test_matrix_inside_ten_tracks[100m.gpx-False]","tests","Mon Oct 05 08:53:57 UTC 2026","passed","Mon Oct 05 08:53:57 UTC 2026","TestUploadMatrix","test_ftp","",""
"","0","test_wpt_valid","tests","Mon Oct 05 08:53:57 UTC 2026","passed","Mon Oct 05 08:53:57 UTC 2026","TestIsUploadable","test_ftp","",""
"","0","test_normalize[ivan_petr-Ivan_petr]","tests","Mon Oct 05 08:53:56 UTC 2026","passed","Mon Oct 05 08:53:56 UTC 2026","TestNormalizeCallsign","test_analyzer","",""
"","0","test_invalid[2026-09-23-\u0444\u043e\u0440\u043c\u0430\u0442]","tests","Mon Oct 05 08:53:57 UTC 2026","passed","Mon Oct 05 08:53:57 UTC 2026","TestFolderName","test_ftp","",""
"","2","test_invalid[2026-09-32_Moscow-\u0434\u0430\u0442\u0430]","tests","Mon Oct 05 08:53:57 UTC 2026","passed","Mon Oct 05 08:53:57 UTC 2026","TestFolderName","test_ftp","",""
"","2","test_gpx_with_m_suffix[999m.gpx]","tests","Mon Oct 05 08:53:57 UTC 2026","passed","Mon Oct 05 08:53:57 UTC 2026","TestIsUploadable","test_ftp","",""
"","0","test_normalize[lisa-1-Lisa01]","tests","Mon Oct 05 08:53:56 UTC 2026","passed","Mon Oct 05 08:53:56 UTC 2026","TestNormalizeCallsign","test_analyzer","",""
"","0","test_normalize[lisa_01-Lisa01]","tests","Mon Oct 05 08:53:56 UTC 2026","passed","Mon Oct 05 08:53:56 UTC 2026","TestNormalizeCallsign","test_analyzer","",""
"","0","test_rejects_other_extensions[.kml]","tests","Mon Oct 05 08:53:57 UTC 2026","passed","Mon Oct 05 08:53:57 UTC 2026","TestIsUploadable","test_ftp","",""
"","0","test_to_canonical[2026-09-17_11-55_babushka (\u041a\u043e\u043f\u0438\u044f 2).gpx-20260917_Babushka_Kopiya02.gpx]","tests","Mon Oct 05 08:53:56 UTC 2026","passed","Mon Oct 05 08:53:56 UTC 2026","TestDownloadedNames","test_analyzer","",""
"","2","test_gpx_without_m_suffix_rejected[track_100ms.gpx]","tests","Mon Oct 05 08:53:57 UTC 2026","passed","Mon Oct 05 08:53:57 UTC 2026","TestIsUploadable","test_ftp","",""
"","0","test_sanitize[ivan-1-ivan-1]","tests","Mon Oct 05 08:53:57 UTC 2026","passed","Mon Oct 05 08:53:57 UTC 2026","TestSanitizeCallsign","test_analyzer","",""
"","0","test_empty_or_root_rejected[   ]","tests","Mon Oct 05 08:53:57 UTC 2026","passed","Mon Oct 05 08:53:57 UTC 2026","TestValidateUploadTarget","test_ftp","",""
"","1","test_plt_valid","tests","Mon Oct 05 08:53:57 UTC 2026","passed","Mon Oct 05 08:53:57 UTC 2026","TestIsUploadable","test_ftp","",""
"","0","test_to_canonical[2026-09-17_11-55_\u0431\u0430\u0431\u0443\u0448\u043a\u0430 (\u041a\u043e\u043f\u0438\u044f 2).plt-20260917_Babushka_Kopiya02.plt]","tests","Mon Oct 05 08:53:56 UTC 2026","passed","Mon Oct 05 08:53:56 UTC 2026","TestDownloadedNames","test_analyzer","",""
"","0","test_matrix_inside_ten_tracks[Waypoints_20260923.wpt-False]","tests","Mon Oct 05 08:53:57 UTC 2026","passed","Mon Oct 05 08:53:57 UTC 2026","TestUploadMatrix","test_ftp","",""
"","0","test_sanitize[\u0420\u0430\u0434\u0438\u043e-1-Radio-1]","tests","Mon Oct 05 08:53:57 UTC 2026","passed","Mon Oct 05 08:53:57 UTC 2026","TestSanitizeCallsign","test_analyzer","",""
"","2","test_to_canonical[2026-09-17_11-55_\u0431\u0430\u0431\u0443\u0448\u043a\u0430.gpx-20260917_Babushka.gpx]","tests","Mon Oct 05 08:53:56 UTC 2026","passed","Mon Oct 05 08:53:56 UTC 2026","TestDownloadedNames","test_analyzer","",""
"","0","test_gpx_with_m_suffix[9999m.gpx]","tests","Mon Oct 05 08:53:57 UTC 2026","passed","Mon Oct 05 08:53:57 UTC 2026","TestIsUploadable","test_ftp","",""
"","0","test_valid[2026-09-23_123]","tests","Mon Oct 05 08:53:57 UTC 2026","passed","Mon Oct 05 08:53:57 UTC 2026","TestFolderName","test_ftp","",""
"","0","test_matrix[random.wpt-False]","tests","Mon Oct 05 08:53:57 UTC 2026","passed","Mon Oct 05 08:53:57 UTC 2026","TestUploadMatrix","test_ftp","",""
"","0","test_normalize[123-123]","tests","Mon Oct 05 08:53:56 UTC 2026","passed","Mon Oct 05 08:53:56 UTC 2026","TestNormalizeCallsign","test_analyzer","",""
"","1","test_rejects_other_extensions[.mp3]","tests","Mon Oct 05 08:53:57 UTC 2026","passed","Mon Oct 05 08:53:57 UTC 2026","TestIsUploadable","test_ftp","",""
"","1","test_falls_through[track_m100.gpx]","tests","Mon Oct 05 08:53:57 UTC 2026","passed","Mon Oct 05 08:53:57 UTC 2026","TestMGpxException","test_analyzer","",""
"","0","test_valid[2026-12-31_NewYear]","tests","Mon Oct 05 08:53:57 UTC 2026","passed","Mon Oct 05 08:53:57 UTC 2026","TestFolderName","test_ftp","",""
"","0","test_to_canonical[2026-09-17_\u0431\u0430\u0431\u0443\u0448\u043a\u0430.gpx-20260917_Babushka.gpx]","tests","Mon Oct 05 08:53:56 UTC 2026","passed","Mon Oct 05 08:53:56 UTC 2026","TestDownloadedNames","test_analyzer","",""
"","0","test_nested_subfolder","tests","Mon Oct 05 08:53:57 UTC 2026","passed","Mon Oct 05 08:53:57 UTC 2026","TestIsInTenTracks","test_ftp","",""
"","2","test_matrix[20260923_Ivanov.plt-True]","tests","Mon Oct 05 08:53:57 UTC 2026","passed","Mon Oct 05 08:53:57 UTC 2026","TestUploadMatrix","test_ftp","",""
"","0","test_gpx_with_m_suffix[1m.gpx]","tests","Mon Oct 05 08:53:57 UTC 2026","passed","Mon Oct 05 08:53:57 UTC 2026","TestIsUploadable","test_ftp","",""
"","0","test_invalid[Moscow_2026-09-23-\u0444\u043e\u0440\u043c\u0430\u0442]","tests","Mon Oct 05 08:53:57 UTC 2026","passed","Mon Oct 05 08:53:57 UTC 2026","TestFolderName","test_ftp","",""
"","0","test_m_gpx_exception_still_wins","tests","Mon Oct 05 08:53:57 UTC 2026","passed","Mon Oct 05 08:53:57 UTC 2026","TestGpxContentDate","test_analyzer","",""
"","0","test_normalize[lisa-Lisa]","tests","Mon Oct 05 08:53:56 UTC 2026","passed","Mon Oct 05 08:53:56 UTC 2026","TestNormalizeCallsign","test_analyzer","",""
"","0","test_normalize[Lisa-Lisa]","tests","Mon Oct 05 08:53:56 UTC 2026","passed","Mon Oct 05 08:53:56 UTC 2026","TestNormalizeCallsign","test_analyzer","",""
"","0","test_normalize[Lisa01_1-Lisa01_1]","tests","Mon Oct 05 08:53:56 UTC 2026","passed","Mon Oct 05 08:53:56 UTC 2026","TestNormalizeCallsign","test_analyzer","",""
"","0","test_normalize[lisa_001-Lisa001]","tests","Mon Oct 05 08:53:56 UTC 2026","passed","Mon Oct 05 08:53:56 UTC 2026","TestNormalizeCallsign","test_analyzer","",""
"","0","test_rejects_other_extensions[.zip]","tests","Mon Oct 05 08:53:57 UTC 2026","passed","Mon Oct 05 08:53:57 UTC 2026","TestIsUploadable","test_ftp","",""
"","1","test_extension_case_insensitive[20260923_Ivanov.GPX]","tests","Mon Oct 05 08:53:56 UTC 2026","passed","Mon Oct 05 08:53:56 UTC 2026","TestCanonicalFormat","test_analyzer","",""
"","2","test_not_validated[script.py]","tests","Mon Oct 05 08:53:57 UTC 2026","passed","Mon Oct 05 08:53:57 UTC 2026","TestOtherExtensions","test_analyzer","",""
"","0","test_gpx_with_m_suffix[_100m.gpx]","tests","Mon Oct 05 08:53:57 UTC 2026","passed","Mon Oct 05 08:53:57 UTC 2026","TestIsUploadable","test_ftp","",""
"","2","test_respects_max_levels","tests","Mon Oct 05 08:53:57 UTC 2026","passed","Mon Oct 05 08:53:57 UTC 2026","TestFindTargetFolder","test_ftp","",""
"","0","test_invalid[2026-09-00_Moscow-\u0434\u0430\u0442\u0430]","tests","Mon Oct 05 08:53:57 UTC 2026","passed","Mon Oct 05 08:53:57 UTC 2026","TestFolderName","test_ftp","",""
"","2","test_invalid[2026-13-01_Moscow-\u0434\u0430\u0442\u0430]","tests","Mon Oct 05 08:53:57 UTC 2026","passed","Mon Oct 05 08:53:57 UTC 2026","TestFolderName","test_ftp","",""
"","2","test_similar_name_not_matched","tests","Mon Oct 05 08:53:57 UTC 2026","passed","Mon Oct 05 08:53:57 UTC 2026","TestIsInTenTracks","test_ftp","",""
"","6","test_date_at_very_end_of_large_file","tests","Mon Oct 05 08:53:57 UTC 2026","passed","Mon Oct 05 08:53:57 UTC 2026","TestGpxContentDate","test_analyzer","",""
"","2","test_returns_last_date","tests","Mon Oct 05 08:53:57 UTC 2026","passed","Mon Oct 05 08:53:57 UTC 2026","TestExtractDateFunction","test_analyzer","",""
"","0","test_invalid[2026-00-15_Moscow-\u0434\u0430\u0442\u0430]","tests","Mon Oct 05 08:53:57 UTC 2026","passed","Mon Oct 05 08:53:57 UTC 2026","TestFolderName","test_ftp","",""
"","2","test_valid[WAYPOINTS_20260923.WPT]","tests","Mon Oct 05 08:53:57 UTC 2026","passed","Mon Oct 05 08:53:57 UTC 2026","TestWpt","test_analyzer","",""
"","0","test_no_date","tests","Mon Oct 05 08:53:57 UTC 2026","passed","Mon Oct 05 08:53:57 UTC 2026","TestWpt","test_analyzer","",""
"","0","test_reason_other_extension","tests","Mon Oct 05 08:53:57 UTC 2026","passed","Mon Oct 05 08:53:57 UTC 2026","TestUploadHints","test_ftp","",""
"","0","test_plt_with_dash_number","tests","Mon Oct 05 08:53:56 UTC 2026","passed","Mon Oct 05 08:53:56 UTC 2026","TestTranslitCallsign","test_analyzer","",""
"","0","test_invalid[2026-09-23_\u041c\u043e\u0441\u043a\u0432\u0430-\u0444\u043e\u0440\u043c\u0430\u0442]","tests","Mon Oct 05 08:53:57 UTC 2026","passed","Mon Oct 05 08:53:57 UTC 2026","TestFolderName","test_ftp","",""
"","0","test_matrix[20260917_Ivanov.gpx-False]","tests","Mon Oct 05 08:53:57 UTC 2026","passed","Mon Oct 05 08:53:57 UTC 2026","TestUploadMatrix","test_ftp","",""
"","0","test_invalid[23-09-2026_Moscow-\u0444\u043e\u0440\u043c\u0430\u0442]","tests","Mon Oct 05 08:53:57 UTC 2026","passed","Mon Oct 05 08:53:57 UTC 2026","TestFolderName","test_ftp","",""
"","0","test_valid[2026-09-23_ivan_1]","tests","Mon Oct 05 08:53:57 UTC 2026","passed","Mon Oct 05 08:53:57 UTC 2026","TestFolderName","test_ftp","",""
"","0","test_normalize[abc123-Abc123]","tests","Mon Oct 05 08:53:56 UTC 2026","passed","Mon Oct 05 08:53:56 UTC 2026","TestNormalizeCallsign","test_analyzer","",""
"","2","test_already_valid[20261004_Lisa04_1.gpx]","tests","Mon Oct 05 08:53:56 UTC 2026","passed","Mon Oct 05 08:53:56 UTC 2026","TestCanonicalFormat","test_analyzer","",""
"","2","test_not_found","tests","Mon Oct 05 08:53:57 UTC 2026","passed","Mon Oct 05 08:53:57 UTC 2026","TestFindTargetFolder","test_ftp","",""
"","0","test_whitespace_trimmed","tests","Mon Oct 05 08:53:57 UTC 2026","passed","Mon Oct 05 08:53:57 UTC 2026","TestFolderName","test_ftp","",""
"","0","test_number_in_middle_hyphen","tests","Mon Oct 05 08:53:56 UTC 2026","passed","Mon Oct 05 08:53:56 UTC 2026","TestTranslitCallsign","test_analyzer","",""
"Позывной со строчной буквы — сначала нужно поправить имя.","1","test_plt_needs_normalization","tests","Mon Oct 05 08:53:57 UTC 2026","passed","Mon Oct 05 08:53:57 UTC 2026","TestIsUploadable","test_ftp","",""
"","0","test_gpx_no_date_in_file","tests","Mon Oct 05 08:53:57 UTC 2026","passed","Mon Oct 05 08:53:57 UTC 2026","TestNoDate","test_analyzer","",""
"","0","test_number_underscore","tests","Mon Oct 05 08:53:56 UTC 2026","passed","Mon Oct 05 08:53:56 UTC 2026","TestTranslitCallsign","test_analyzer","",""
"","1","test_normalize[Lisa_04_1-Lisa04_1]","tests","Mon Oct 05 08:53:56 UTC 2026","passed","Mon Oct 05 08:53:56 UTC 2026","TestNormalizeCallsign","test_analyzer","",""
"","2","test_reason_ten_tracks","tests","Mon Oct 05 08:53:57 UTC 2026","passed","Mon Oct 05 08:53:57 UTC 2026","TestUploadHints","test_ftp","",""
"","0","test_normalize[lisa-05-test-Lisa05-test]","tests","Mon Oct 05 08:53:56 UTC 2026","passed","Mon Oct 05 08:53:56 UTC 2026","TestNormalizeCallsign","test_analyzer","",""
"","1","test_name_with_spaces_and_copy","tests","Mon Oct 05 08:53:57 UTC 2026","passed","Mon Oct 05 08:53:57 UTC 2026","TestGpxContentDate","test_analyzer","",""
"","0","test_normal_folder_ok[2026-09-23_Moscow-1]","tests","Mon Oct 05 08:53:57 UTC 2026","passed","Mon Oct 05 08:53:57 UTC 2026","TestValidateUploadTarget","test_ftp","",""
"","0","test_to_canonical[17-09-2026_11-55_\u0431\u0430\u0431\u0443\u0448\u043a\u0430.gpx-20260917_Babushka.gpx]","tests","Mon Oct 05 08:53:56 UTC 2026","passed","Mon Oct 05 08:53:56 UTC 2026","TestDownloadedNames","test_analyzer","",""
"","0","test_matrix[1m.gpx-True]","tests","Mon Oct 05 08:53:57 UTC 2026","passed","Mon Oct 05 08:53:57 UTC 2026","TestUploadMatrix","test_ftp","",""
"","0","test_number_glued","tests","Mon Oct 05 08:53:56 UTC 2026","passed","Mon Oct 05 08:53:56 UTC 2026","TestTranslitCallsign","test_analyzer","",""
"","0","test_invalid[   -\u043f\u0443\u0441\u0442\u043e\u0435]","tests","Mon Oct 05 08:53:57 UTC 2026","passed","Mon Oct 05 08:53:57 UTC 2026","TestFolderName","test_ftp","",""
"","0","test_normalize[x-X]","tests","Mon Oct 05 08:53:56 UTC 2026","passed","Mon Oct 05 08:53:56 UTC 2026","TestNormalizeCallsign","test_analyzer","",""
"","0","test_sanitize[-]","tests","Mon Oct 05 08:53:57 UTC 2026","passed","Mon Oct 05 08:53:57 UTC 2026","TestSanitizeCallsign","test_analyzer","",""
"","0","test_sanitize[Ivanov-Ivanov]","tests","Mon Oct 05 08:53:57 UTC 2026","passed","Mon Oct 05 08:53:57 UTC 2026","TestSanitizeCallsign","test_analyzer","",""
"","0","test_invalid[2026-09-23_Moscow/-\u0444\u043e\u0440\u043c\u0430\u0442]","tests","Mon Oct 05 08:53:57 UTC 2026","passed","Mon Oct 05 08:53:57 UTC 2026","TestFolderName","test_ftp","",""
"","0","test_normalize[lisa_123-Lisa123]","tests","Mon Oct 05 08:53:56 UTC 2026","passed","Mon Oct 05 08:53:56 UTC 2026","TestNormalizeCallsign","test_analyzer","",""
"","0","test_matrix[track.gpx-False]","tests","Mon Oct 05 08:53:57 UTC 2026","passed","Mon Oct 05 08:53:57 UTC 2026","TestUploadMatrix","test_ftp","",""
"","2","test_matrix[12345m.gpx-False]","tests","Mon Oct 05 08:53:57 UTC 2026","passed","Mon Oct 05 08:53:57 UTC 2026","TestUploadMatrix","test_ftp","",""
"","0","test_matrix[20260923_\u0418\u0432\u0430\u043d\u043e\u0432.plt-False]","tests","Mon Oct 05 08:53:57 UTC 2026","passed","Mon Oct 05 08:53:57 UTC 2026","TestUploadMatrix","test_ftp","",""
"","2","test_uses_precomputed_info","tests","Mon Oct 05 08:53:57 UTC 2026","passed","Mon Oct 05 08:53:57 UTC 2026","TestIsUploadable","test_ftp","",""
"","0","test_returns_none_for_missing_file","tests","Mon Oct 05 08:53:57 UTC 2026","passed","Mon Oct 05 08:53:57 UTC 2026","TestExtractDateFunction","test_analyzer","",""
"","0","test_sanitize[Ivan_1-Ivan_1]","tests","Mon Oct 05 08:53:57 UTC 2026","passed","Mon Oct 05 08:53:57 UTC 2026","TestSanitizeCallsign","test_analyzer","",""
"","0","test_valid[2026-09-23_a]","tests","Mon Oct 05 08:53:57 UTC 2026","passed","Mon Oct 05 08:53:57 UTC 2026","TestFolderName","test_ftp","",""
"","0","test_ten_tracks_blocks_plt","tests","Mon Oct 05 08:53:57 UTC 2026","passed","Mon Oct 05 08:53:57 UTC 2026","TestIsUploadable","test_ftp","",""
"","0","test_rejects_other_extensions[.jpg]","tests","Mon Oct 05 08:53:57 UTC 2026","passed","Mon Oct 05 08:53:57 UTC 2026","TestIsUploadable","test_ftp","",""
"","2","test_normalize[Lisa01-1-Lisa01-1]","tests","Mon Oct 05 08:53:56 UTC 2026","passed","Mon Oct 05 08:53:56 UTC 2026","TestNormalizeCallsign","test_analyzer","",""
"","0","test_invalid[2026/09/23_Moscow-\u0444\u043e\u0440\u043c\u0430\u0442]","tests","Mon Oct 05 08:53:57 UTC 2026","passed","Mon Oct 05 08:53:57 UTC 2026","TestFolderName","test_ftp","",""
"","0","test_empty_or_root_rejected[..]","tests","Mon Oct 05 08:53:57 UTC 2026","passed","Mon Oct 05 08:53:57 UTC 2026","TestValidateUploadTarget","test_ftp","",""
"","0","test_normal_folder_ok[2026-09-23_moscow]","tests","Mon Oct 05 08:53:57 UTC 2026","passed","Mon Oct 05 08:53:57 UTC 2026","TestValidateUploadTarget","test_ftp","",""
"","0","test_normalize[-]","tests","Mon Oct 05 08:53:56 UTC 2026","passed","Mon Oct 05 08:53:56 UTC 2026","TestNormalizeCallsign","test_analyzer","",""
"","0","test_skips_validation[1m.gpx]","tests","Mon Oct 05 08:53:57 UTC 2026","passed","Mon Oct 05 08:53:57 UTC 2026","TestMGpxException","test_analyzer","",""
"","2","test_invalid[-\u043f\u0443\u0441\u0442\u043e\u0435]","tests","Mon Oct 05 08:53:57 UTC 2026","passed","Mon Oct 05 08:53:57 UTC 2026","TestFolderName","test_ftp","",""
"","0","test_ten_tracks_nested_subfolder","tests","Mon Oct 05 08:53:57 UTC 2026","passed","Mon Oct 05 08:53:57 UTC 2026","TestIsUploadable","test_ftp","",""
"","0","test_empty_or_root_rejected[]","tests","Mon Oct 05 08:53:57 UTC 2026","passed","Mon Oct 05 08:53:57 UTC 2026","TestValidateUploadTarget","test_ftp","",""
"","2","test_skips_validation[20260923_100m.gpx]","tests","Mon Oct 05 08:53:57 UTC 2026","passed","Mon Oct 05 08:53:57 UTC 2026","TestMGpxException","test_analyzer","",""
"","2","test_not_validated[no_extension_at_all]","tests","Mon Oct 05 08:53:57 UTC 2026","passed","Mon Oct 05 08:53:57 UTC 2026","TestOtherExtensions","test_analyzer","",""
"","0","test_normalize[lisa1-Lisa01]","tests","Mon Oct 05 08:53:56 UTC 2026","passed","Mon Oct 05 08:53:56 UTC 2026","TestNormalizeCallsign","test_analyzer","",""
"","0","test_invalid[2026-09-23_-\u0444\u043e\u0440\u043c\u0430\u0442]","tests","Mon Oct 05 08:53:57 UTC 2026","passed","Mon Oct 05 08:53:57 UTC 2026","TestFolderName","test_ftp","",""
"","1","test_gpx_empty_file","tests","Mon Oct 05 08:53:57 UTC 2026","passed","Mon Oct 05 08:53:57 UTC 2026","TestNoDate","test_analyzer","",""
"","1","test_gpx_with_m_suffix[20260917_9999m.gpx]","tests","Mon Oct 05 08:53:57 UTC 2026","passed","Mon Oct 05 08:53:57 UTC 2026","TestIsUploadable","test_ftp","",""
"","0","test_gpx_without_m_suffix_rejected[12345m.gpx]","tests","Mon Oct 05 08:53:57 UTC 2026","passed","Mon Oct 05 08:53:57 UTC 2026","TestIsUploadable","test_ftp","",""
"","0","test_falls_through[track_100ms.gpx]","tests","Mon Oct 05 08:53:57 UTC 2026","passed","Mon Oct 05 08:53:57 UTC 2026","TestMGpxException","test_analyzer","",""
"","2","test_number_already_two_digits","tests","Mon Oct 05 08:53:56 UTC 2026","passed","Mon Oct 05 08:53:56 UTC 2026","TestTranslitCallsign","test_analyzer","",""
"","0","test_sanitize[\u0418\u0432\u0430\u043d\u043e\u0432-Ivanov]","tests","Mon Oct 05 08:53:57 UTC 2026","passed","Mon Oct 05 08:53:57 UTC 2026","TestSanitizeCallsign","test_analyzer","",""
"","0","test_not_validated[notes.txt]","tests","Mon Oct 05 08:53:57 UTC 2026","passed","Mon Oct 05 08:53:57 UTC 2026","TestOtherExtensions","test_analyzer","",""
"","0","test_normalize[lisa_03_test-Lisa03_test]","tests","Mon Oct 05 08:53:56 UTC 2026","passed","Mon Oct 05 08:53:56 UTC 2026","TestNormalizeCallsign","test_analyzer","",""
"","0","test_matrix[20260923_ivanov.mp3-False]","tests","Mon Oct 05 08:53:57 UTC 2026","passed","Mon Oct 05 08:53:57 UTC 2026","TestUploadMatrix","test_ftp","",""
"","0","test_gpx_with_m_suffix[track_5M.gpx]","tests","Mon Oct 05 08:53:57 UTC 2026","passed","Mon Oct 05 08:53:57 UTC 2026","TestIsUploadable","test_ftp","",""
"","0","test_regular_folder_not_ten_tracks","tests","Mon Oct 05 08:53:57 UTC 2026","passed","Mon Oct 05 08:53:57 UTC 2026","TestIsInTenTracks","test_ftp","",""
"","0","test_reason_gpx_non_m","tests","Mon Oct 05 08:53:57 UTC 2026","passed","Mon Oct 05 08:53:57 UTC 2026","TestUploadHints","test_ftp","",""
"","2","test_gpx_without_m_suffix_rejected[20260917_lisa_1.gpx]","tests","Mon Oct 05 08:53:57 UTC 2026","passed","Mon Oct 05 08:53:57 UTC 2026","TestIsUploadable","test_ftp","",""
"","0","test_skips_validation[9999m.gpx]","tests","Mon Oct 05 08:53:57 UTC 2026","passed","Mon Oct 05 08:53:57 UTC 2026","TestMGpxException","test_analyzer","",""
"","6","test_bom_and_utf8_ok","tests","Mon Oct 05 08:53:57 UTC 2026","passed","Mon Oct 05 08:53:57 UTC 2026","TestGpxContentDate","test_analyzer","",""
"","0","test_to_canonical[2026-09-17_11-55_babushka.gpx-20260917_Babushka.gpx]","tests","Mon Oct 05 08:53:56 UTC 2026","passed","Mon Oct 05 08:53:56 UTC 2026","TestDownloadedNames","test_analyzer","",""
"","0","test_matrix[20260917_lisa_1.gpx-False]","tests","Mon Oct 05 08:53:57 UTC 2026","passed","Mon Oct 05 08:53:57 UTC 2026","TestUploadMatrix","test_ftp","",""
"","1","test_gpx_without_m_suffix_rejected[m.gpx]","tests","Mon Oct 05 08:53:57 UTC 2026","passed","Mon Oct 05 08:53:57 UTC 2026","TestIsUploadable","test_ftp","",""
"","0","test_gpx_without_m_suffix_rejected[20260917_Ivanov.gpx]","tests","Mon Oct 05 08:53:57 UTC 2026","passed","Mon Oct 05 08:53:57 UTC 2026","TestIsUploadable","test_ftp","",""
"","0","test_falls_through[12345m.gpx]","tests","Mon Oct 05 08:53:57 UTC 2026","passed","Mon Oct 05 08:53:57 UTC 2026","TestMGpxException","test_analyzer","",""
"","1","test_name_with_copy_and_number","tests","Mon Oct 05 08:53:57 UTC 2026","passed","Mon Oct 05 08:53:57 UTC 2026","TestGpxContentDate","test_analyzer","",""
"","0","test_already_valid[20260923_Ivan01.plt]","tests","Mon Oct 05 08:53:56 UTC 2026","passed","Mon Oct 05 08:53:56 UTC 2026","TestCanonicalFormat","test_analyzer","",""
"","1","test_absolute_path_rejected[\\abs\\path]","tests","Mon Oct 05 08:53:57 UTC 2026","passed","Mon Oct 05 08:53:57 UTC 2026","TestValidateUploadTarget","test_ftp","",""
"","0","test_matrix_inside_ten_tracks[20260923_Ivanov.plt-False]","tests","Mon Oct 05 08:53:57 UTC 2026","passed","Mon Oct 05 08:53:57 UTC 2026","TestUploadMatrix","test_ftp","",""
"","2","test_plt_no_suggestion","tests","Mon Oct 05 08:53:56 UTC 2026","passed","Mon Oct 05 08:53:56 UTC 2026","TestNoDate","test_analyzer","",""
"","0","test_matrix[100m.gpx-True]","tests","Mon Oct 05 08:53:57 UTC 2026","passed","Mon Oct 05 08:53:57 UTC 2026","TestUploadMatrix","test_ftp","",""
"","0","test_gpx_without_m_suffix_rejected[2026-09-23 \u0411\u0435\u0437\u044b\u043c\u044f\u043d\u043d\u044b\u0439 \u0442\u0440\u0435\u043a.gpx]","tests","Mon Oct 05 08:53:57 UTC 2026","passed","Mon Oct 05 08:53:57 UTC 2026","TestIsUploadable","test_ftp","",""
"","1","test_gpx_with_m_suffix[12m.gpx]","tests","Mon Oct 05 08:53:57 UTC 2026","passed","Mon Oct 05 08:53:57 UTC 2026","TestIsUploadable","test_ftp","",""
"","2","test_is_low_confidence[2026-09-23_untitled.gpx]","tests","Mon Oct 05 08:53:56 UTC 2026","passed","Mon Oct 05 08:53:56 UTC 2026","TestPlaceholders","test_analyzer","",""
"","0","test_empty_or_root_rejected[/]","tests","Mon Oct 05 08:53:57 UTC 2026","passed","Mon Oct 05 08:53:57 UTC 2026","TestValidateUploadTarget","test_ftp","",""
"","0","test_normalize[Lisa01_12-Lisa01_12]","tests","Mon Oct 05 08:53:56 UTC 2026","passed","Mon Oct 05 08:53:56 UTC 2026","TestNormalizeCallsign","test_analyzer","",""
"","0","test_allowed_extensions_constant","tests","Mon Oct 05 08:53:57 UTC 2026","passed","Mon Oct 05 08:53:57 UTC 2026","TestIsUploadable","test_ftp","",""
"","0","test_with_nonempty_base_ok","tests","Mon Oct 05 08:53:57 UTC 2026","passed","Mon Oct 05 08:53:57 UTC 2026","TestValidateUploadTarget","test_ftp","",""
"","1","test_existing_number_with_extra_suffix_kept","tests","Mon Oct 05 08:53:56 UTC 2026","passed","Mon Oct 05 08:53:56 UTC 2026","TestTranslitCallsign","test_analyzer","",""
"","2","test_normalize[Lisa99_1-Lisa99_1]","tests","Mon Oct 05 08:53:56 UTC 2026","passed","Mon Oct 05 08:53:56 UTC 2026","TestNormalizeCallsign","test_analyzer","",""
"","2","test_skips_validation[track_5M.gpx]","tests","Mon Oct 05 08:53:57 UTC 2026","passed","Mon Oct 05 08:53:57 UTC 2026","TestMGpxException","test_analyzer","",""
"","1","test_gpx_with_m_suffix[20260917_100m.gpx]","tests","Mon Oct 05 08:53:57 UTC 2026","passed","Mon Oct 05 08:53:57 UTC 2026","TestIsUploadable","test_ftp","",""
"","0","test_matrix[Waypoints_20260923.wpt-True]","tests","Mon Oct 05 08:53:57 UTC 2026","passed","Mon Oct 05 08:53:57 UTC 2026","TestUploadMatrix","test_ftp","",""
"","0","test_invalid_dates_in_content_ignored","tests","Mon Oct 05 08:53:57 UTC 2026","passed","Mon Oct 05 08:53:57 UTC 2026","TestGpxContentDate","test_analyzer","",""
"","0","test_number_in_middle_with_suffix_number","tests","Mon Oct 05 08:53:56 UTC 2026","passed","Mon Oct 05 08:53:56 UTC 2026","TestTranslitCallsign","test_analyzer","",""
"","2","test_number_hyphen","tests","Mon Oct 05 08:53:56 UTC 2026","passed","Mon Oct 05 08:53:56 UTC 2026","TestTranslitCallsign","test_analyzer","",""
"","0","test_returns_none_without_dates","tests","Mon Oct 05 08:53:57 UTC 2026","passed","Mon Oct 05 08:53:57 UTC 2026","TestExtractDateFunction","test_analyzer","",""
"","0","test_absolute_path_rejected[/abs/path]","tests","Mon Oct 05 08:53:57 UTC 2026","passed","Mon Oct 05 08:53:57 UTC 2026","TestValidateUploadTarget","test_ftp","",""
"","0","test_missing_file_skipped","tests","Mon Oct 05 08:53:57 UTC 2026","passed","Mon Oct 05 08:53:57 UTC 2026","TestNonFiles","test_analyzer","",""
"","2","test_not_validated[track.mp3]","tests","Mon Oct 05 08:53:57 UTC 2026","passed","Mon Oct 05 08:53:57 UTC 2026","TestOtherExtensions","test_analyzer","",""
"","0","test_not_validated[data.json]","tests","Mon Oct 05 08:53:57 UTC 2026","passed","Mon Oct 05 08:53:57 UTC 2026","TestOtherExtensions","test_analyzer","",""
"","0","test_rejects_other_extensions[.txt]","tests","Mon Oct 05 08:53:57 UTC 2026","passed","Mon Oct 05 08:53:57 UTC 2026","TestIsUploadable","test_ftp","",""
"","0","test_normalize[lisa_12-Lisa12]","tests","Mon Oct 05 08:53:56 UTC 2026","passed","Mon Oct 05 08:53:56 UTC 2026","TestNormalizeCallsign","test_analyzer","",""
"","0","test_already_valid[20260923_Ivanov.plt]","tests","Mon Oct 05 08:53:56 UTC 2026","passed","Mon Oct 05 08:53:56 UTC 2026","TestCanonicalFormat","test_analyzer","",""
"","0","test_rejects_other_extensions[.csv]","tests","Mon Oct 05 08:53:57 UTC 2026","passed","Mon Oct 05 08:53:57 UTC 2026","TestIsUploadable","test_ftp","",""
"","2","test_walks_up","tests","Mon Oct 05 08:53:57 UTC 2026","passed","Mon Oct 05 08:53:57 UTC 2026","TestFindTargetFolder","test_ftp","",""
"","1","test_number_in_middle_with_sep","tests","Mon Oct 05 08:53:56 UTC 2026","passed","Mon Oct 05 08:53:56 UTC 2026","TestTranslitCallsign","test_analyzer","",""
"","0","test_parent_traversal_rejected[../parent]","tests","Mon Oct 05 08:53:57 UTC 2026","passed","Mon Oct 05 08:53:57 UTC 2026","TestValidateUploadTarget","test_ftp","",""
"","1","test_not_validated[picture.jpg]","tests","Mon Oct 05 08:53:57 UTC 2026","passed","Mon Oct 05 08:53:57 UTC 2026","TestOtherExtensions","test_analyzer","",""
"","0","test_skips_validation[12m.gpx]","tests","Mon Oct 05 08:53:57 UTC 2026","passed","Mon Oct 05 08:53:57 UTC 2026","TestMGpxException","test_analyzer","",""
"","0","test_with_empty_base_ok","tests","Mon Oct 05 08:53:57 UTC 2026","passed","Mon Oct 05 08:53:57 UTC 2026","TestValidateUploadTarget","test_ftp","",""
"","0","test_empty_or_root_rejected[\\]","tests","Mon Oct 05 08:53:57 UTC 2026","passed","Mon Oct 05 08:53:57 UTC 2026","TestValidateUploadTarget","test_ftp","",""
"","0","test_normalize[lisa_1-Lisa01]","tests","Mon Oct 05 08:53:56 UTC 2026","passed","Mon Oct 05 08:53:56 UTC 2026","TestNormalizeCallsign","test_analyzer","",""
"","2","test_extensions_hint_mentions_all","tests","Mon Oct 05 08:53:57 UTC 2026","passed","Mon Oct 05 08:53:57 UTC 2026","TestUploadHints","test_ftp","",""
"","0","test_deep_walk_up","tests","Mon Oct 05 08:53:57 UTC 2026","passed","Mon Oct 05 08:53:57 UTC 2026","TestFindTargetFolder","test_ftp","",""
"","0","test_is_low_confidence[2026-09-23-1803 \u0411\u0435\u0437\u044b\u043c\u044f\u043d\u043d\u044b\u0439 \u0442\u0440\u0435\u043a.gpx]","tests","Mon Oct 05 08:53:56 UTC 2026","passed","Mon Oct 05 08:53:56 UTC 2026","TestPlaceholders","test_analyzer","",""
"","0","test_directory_skipped","tests","Mon Oct 05 08:53:57 UTC 2026","passed","Mon Oct 05 08:53:57 UTC 2026","TestNonFiles","test_analyzer","",""
"","2","test_to_canonical[2026.09.17_\u0431\u0430\u0431\u0443\u0448\u043a\u0430.gpx-20260917_Babushka.gpx]","tests","Mon Oct 05 08:53:56 UTC 2026","passed","Mon Oct 05 08:53:56 UTC 2026","TestDownloadedNames","test_analyzer","",""
"","0","test_valid[2026-09-23_Moscow-1]","tests","Mon Oct 05 08:53:57 UTC 2026","passed","Mon Oct 05 08:53:57 UTC 2026","TestFolderName","test_ftp","",""
"","2","test_is_low_confidence[2026-09-23 \u0411\u0435\u0437\u044b\u043c\u044f\u043d\u043d\u044b\u0439 \u0442\u0440\u0435\u043a.gpx]","tests","Mon Oct 05 08:53:56 UTC 2026","passed","Mon Oct 05 08:53:56 UTC 2026","TestPlaceholders","test_analyzer","",""
"","0","test_already_valid[20260923_X.plt]","tests","Mon Oct 05 08:53:56 UTC 2026","passed","Mon Oct 05 08:53:56 UTC 2026","TestCanonicalFormat","test_analyzer","",""
"","2","test_skips_validation[1m.GPX]","tests","Mon Oct 05 08:53:57 UTC 2026","passed","Mon Oct 05 08:53:57 UTC 2026","TestMGpxException","test_analyzer","",""
"","0","test_is_low_confidence[2026-09-23_track.gpx]","tests","Mon Oct 05 08:53:56 UTC 2026","passed","Mon Oct 05 08:53:56 UTC 2026","TestPlaceholders","test_analyzer","",""
"","2","test_parent_traversal_rejected[..\\windows]","tests","Mon Oct 05 08:53:57 UTC 2026","passed","Mon Oct 05 08:53:57 UTC 2026","TestValidateUploadTarget","test_ftp","",""
"","0","test_wrong_suffix_not_canonical","tests","Mon Oct 05 08:53:57 UTC 2026","passed","Mon Oct 05 08:53:57 UTC 2026","TestWpt","test_analyzer","",""
"","0","test_gpx_without_m_suffix_rejected[track_m100.gpx]","tests","Mon Oct 05 08:53:57 UTC 2026","passed","Mon Oct 05 08:53:57 UTC 2026","TestIsUploadable","test_ftp","",""
"","0","test_not_validated[archive.zip]","tests","Mon Oct 05 08:53:57 UTC 2026","passed","Mon Oct 05 08:53:57 UTC 2026","TestOtherExtensions","test_analyzer","",""
"","1","test_skips_validation[_100m.gpx]","tests","Mon Oct 05 08:53:57 UTC 2026","passed","Mon Oct 05 08:53:57 UTC 2026","TestMGpxException","test_analyzer","",""
"","0","test_idempotent","tests","Mon Oct 05 08:53:56 UTC 2026","passed","Mon Oct 05 08:53:56 UTC 2026","TestNormalizeCallsign","test_analyzer","",""
"","0","test_normalize[Lisa_03_Test-Lisa03_Test]","tests","Mon Oct 05 08:53:56 UTC 2026","passed","Mon Oct 05 08:53:56 UTC 2026","TestNormalizeCallsign","test_analyzer","",""
"","0","test_rejects_other_extensions[.pdf]","tests","Mon Oct 05 08:53:57 UTC 2026","passed","Mon Oct 05 08:53:57 UTC 2026","TestIsUploadable","test_ftp","",""
"","0","test_from_downloaded_name","tests","Mon Oct 05 08:53:57 UTC 2026","passed","Mon Oct 05 08:53:57 UTC 2026","TestWpt","test_analyzer","",""
"","0","test_direct_parent","tests","Mon Oct 05 08:53:57 UTC 2026","passed","Mon Oct 05 08:53:57 UTC 2026","TestIsInTenTracks","test_ftp","",""
"","0","test_returns_str_in_yyyymmdd_format","tests","Mon Oct 05 08:53:57 UTC 2026","passed","Mon Oct 05 08:53:57 UTC 2026","TestExtractDateFunction","test_analyzer","",""
"","0","test_already_valid[20260923_Ivan01.gpx]","tests","Mon Oct 05 08:53:56 UTC 2026","passed","Mon Oct 05 08:53:56 UTC 2026","TestCanonicalFormat","test_analyzer","",""
"","0","test_sanitize[\u0401\u0436\u0438\u043a-Yozhik]","tests","Mon Oct 05 08:53:57 UTC 2026","passed","Mon Oct 05 08:53:57 UTC 2026","TestSanitizeCallsign","test_analyzer","",""
"","0","test_date_from_single_point","tests","Mon Oct 05 08:53:57 UTC 2026","passed","Mon Oct 05 08:53:57 UTC 2026","TestGpxContentDate","test_analyzer","",""
"","2","test_normalize[Lisa01-Lisa01]","tests","Mon Oct 05 08:53:56 UTC 2026","passed","Mon Oct 05 08:53:56 UTC 2026","TestNormalizeCallsign","test_analyzer","",""
